STT,TRANG  ,CHß╗¿C N─éNG,,TRß║áNG TH├üI,HIß╗åN TRß║áNG,MONG MUß╗ÉN,TRß║áNG TH├üI,PH├éN C├öNG,NG├ÇY DONE
1,Trang chß╗º, - Header,,─Éß║ít y├¬u cß║ºu,- Ho├án th├ánh,"- Header hiß╗ân thß╗ï ─æß║ºy ─æß╗º logo, menu ─æiß╗üu h╞░ß╗¢ng, thanh t├¼m kiß║┐m v├á sß╗æ l╞░ß╗úng giß╗Å h├áng. Danh mß╗Ñc v├á th╞░╞íng hiß╗çu trong menu lß║Ñy ─æ├║ng tß╗½ hß╗ç thß╗æng.",done,linh,
2,,- Hiß╗ân thß╗ï sß║ún phß║⌐m mß╗¢i nhß║Ñt,,─Éß║ít y├¬u cß║ºu,- Ho├án th├ánh,"- Tß╗▒ ─æß╗Öng lß║Ñy 12 sß║ún phß║⌐m ─æ╞░ß╗úc th├¬m v├áo gß║ºn ─æ├óy nhß║Ñt tß╗½ c╞í sß╗ƒ dß╗» liß╗çu v├á hiß╗ân thß╗ï theo dß║íng tr╞░ß╗út ngang, mß╗ùi lß║ºn hiß╗çn 4 sß║ún phß║⌐m, c├│ n├║t prev/next ─æß╗â chuyß╗ân trang tr╞░ß╗¢c/sau.",done,,
3,,- Hiß╗ân thß╗ï sß║ún phß║⌐m b├ín chß║íy,,─Éß║ít y├¬u cß║ºu,- Ho├án th├ánh,- Tß╗▒ ─æß╗Öng lß║Ñy  12 sß║ún phß║⌐m c├│ sß╗æ l╞░ß╗úng ─æ├ú b├ín nhiß╗üu nhß║Ñt tß╗½ lß╗ïch sß╗¡ ─æ╞ín h├áng v├á hiß╗ân thß╗ï t╞░╞íng tß╗▒ nh╞░ mß╗Ñc sß║ún phß║⌐m mß╗¢i nhß║Ñt.,done,,
4,,- Banner quß║úng c├ío ─æß╗Öng,,─Éß║ít y├¬u cß║ºu,- Ho├án th├ánh,"- Tß╗▒ ─æß╗Öng lß║Ñy 3  h├¼nh ß║únh ─æ╞░ß╗úc g├ín tr╞░ß╗¥ng ß╗ƒ khu vß╗▒c banner tß╗½ DB. Admin quß║ún trß╗ï c├│ thß╗â chß╗ënh sß╗¡a, thay ─æß╗òi banner m├á kh├┤ng cß║ºn sß╗¡a trong code",,,
5,,- Sß║ún phß║⌐m theo giß╗¢i t├¡nh,,─Éß║ít y├¬u cß║ºu,- Ho├án th├ánh,"- Tß╗▒ ─æß╗Öng lß║Ñy c├íc h├¼nh ß║únh ─æ╞░ß╗úc gß║»n tr╞░ß╗¥ng theo giß╗¢i t├¡nh trong tß╗½ DB v├á hiß╗ân thß╗ï t╞░╞íng tß╗▒ nh╞░ mß╗Ñc sß║ún phß║⌐m mß╗¢i nhß║Ñt, b├ín chß║íy.",,,
6,,- Navbar trang chß╗º ,,Cß║⌐n cß║úi thiß╗çn,"- Hiß╗çn tß║íi trang mß╗¢i chß╗ë c├│ thß╗â chuyß╗ân tß╗¢i c├íc trang ""danh s├ích sß║ún phß║⌐m"", 1 sß╗æ trang d├ính s├ích th╞░╞íng hiß╗çu, giß╗¢i t├¡nh khi bß║Ñm v├áo",- Chuyß╗ân tß╗¢i ─æ╞░ß╗úc tß║Ñt cß║ú c├íc trang danh s├ích m├á navbar hay Dropdown navbar hiß╗çn c├│,,,
7,,- Format hiß╗ân thß╗ï gi├í & nh├ún Sale,,Cß║⌐n cß║úi thiß╗çn," - Nh├ún ""SALE"" hiß╗çn ─æang ─æ╞░ß╗úc g├ín cß╗⌐ng cho to├án bß╗Ö sß║ún phß║⌐m, kß╗â cß║ú nhß╗»ng sß║ún phß║⌐m kh├┤ng c├│ giß║úm gi├í.
- Format gi├í tiß╗ün hiß╗çn tß║íi ch╞░a ─æ├║ng vß╗¢i 1 trang web th╞░╞íng mß║íi ─æiß╗çn tß╗¡","- Cß║ºn sß╗¡a lß║íi ─æß╗â nh├ún n├áy chß╗ë xuß║Ñt hiß╗çn khi sß║ún phß║⌐m c├│ gi├í gß╗æc (old_price) thß╗▒c sß╗▒ cao h╞ín gi├í b├ín hiß╗çn tß║íi. Ngo├ái ra, gi├í tiß╗ün cß║ºn ─æ╞░ß╗úc hiß╗ân thß╗ï theo chuß║⌐n Viß╗çt Nam, c├│ dß║Ñu chß║Ñm ph├ón c├ích h├áng ngh├¼n, vd: 1.500.000Γé½ thay v├¼ 1500000Γé½ nh╞░ hiß╗çn tß║íi.",,,
8,,- Th├¬m phß║ºn th├┤ng b├ío nß║▒m ß╗ƒ header,,Th├¬m mß╗¢i ,- Hiß╗çn tß║íi trang web ch╞░a c├│ chß╗⌐c n─âng n├áy trong ß╗⌐ng dß╗Ñng.,"- ─É├óy l├á n╞íi nhß║¡n th├┤ng b├ío ─æ╞░ß╗úc cß║¡p nhß║¡t mß╗¢i nhß║Ñt vß╗ü voucher , sß║ún phß║⌐m mß╗¢i ─æ╞░ß╗úc cß║¡p nhß║¡t hoß║╖c c├íc th├┤ng tin li├¬nm quan user ─æ╞░ß╗úc admin tß║úi l├¬n",,,
9,,"- Chat vß╗¢i CSKH b├ín qua zalo , facbook ..",,Th├¬m mß╗¢i,- Hiß╗çn tß║íi trang web ch╞░a c├│ chß╗⌐c n─âng n├áy trong ß╗⌐ng dß╗Ñng.,"- User c├│ thß╗â trao ─æß╗òi, li├¬n hß╗ç, hß╗Åi gi├í, t├¼nh trß║íng sß║ún phß║⌐m vß╗¢i nh├ón vi├¬n t╞░ vß║Ñn CSKH qua zalo , facebook",,,
10,─É─âng k├¡ ,- X├íc nhß║¡n mß║¡t khß║⌐u,,Cß║⌐n cß║úi thiß╗çn,"- Form ─æ─âng k├╜ ch╞░a c├│ ├┤ nhß║¡p lß║íi mß║¡t khß║⌐u ─æß╗â kiß╗âm tra ng╞░ß╗¥i d├╣ng c├│ g├╡ ─æ├║ng hay kh├┤ng, dß╗à xß║úy ra tr╞░ß╗¥ng hß╗úp l╞░u sai mß║¡t khß║⌐u m├á kh├┤ng biß║┐t.","- Bß╗ò sung th├¬m ├┤ ""X├íc nhß║¡n mß║¡t khß║⌐u"" v├áo form. Hß╗ç thß╗æng kiß╗âm tra hai ├┤ phß║úi khß╗¢p nhau tr╞░ß╗¢c khi cho ph├⌐p tß║ío t├ái khoß║ún.",,,
11,,- Y├¬u cß║ºu ─æß╗Ö mß║ính mß║¡t khß║⌐u,,Cß║⌐n cß║úi thiß╗çn,"- Giß╗¢i hß║ín k├╜ tß╗▒ tß╗æi thiß╗âu qu├í ngß║»n, kh├┤ng y├¬u cß║ºu c├íc ─æiß╗üu kiß╗çn bß║úo mß║¡t nh╞░ chß╗» hoa, sß╗æ hay k├╜ tß╗▒ ─æß║╖c biß╗çt. Mß║¡t khß║⌐u ─æ╞ín giß║ún vß║½n ─æ╞░ß╗úc chß║Ñp nhß║¡n.","- ├üp dß╗Ñng y├¬u cß║ºu ─æß╗Ö mß║ính mß║¡t khß║⌐u ph├╣ hß╗úp , tß╗æi thiß╗âu 8 k├╜ tß╗▒, kß║┐t hß╗úp chß╗» th╞░ß╗¥ng, chß╗» hoa, sß╗æ. Hiß╗ân thß╗ï y├¬u cß║ºu r├╡ r├áng cho ng╞░ß╗¥i d├╣ng thß║Ñy ngay tr├¬n form.",,,
12,,- Chuyß╗ân h╞░ß╗¢ng sau ─æ─âng k├╜,,Cß║⌐n cß║úi thiß╗çn,"- N├║t ""─É├ú c├│ t├ái khoß║ún? ─É─âng nhß║¡p"" ─æang trß╗Å thß║│ng v├áo file JSP thay v├¼ ─æi qua bß╗Ö xß╗¡ l├╜. Ng╞░ß╗¥i d├╣ng ─æ├ú ─æ─âng nhß║¡p rß╗ôi vß║½n c├│ thß╗â v├áo lß║íi trang ─æ─âng k├╜.","- N├║t ""─É─âng nhß║¡p"" dß║½n ─æ├║ng qua bß╗Ö xß╗¡ l├╜. Nß║┐u ng╞░ß╗¥i d├╣ng ─æ├ú ─æ─âng nhß║¡p th├¼ tß╗▒ ─æß╗Öng chuyß╗ân vß╗ü trang chß╗º, kh├┤ng cho v├áo lß║íi trang ─æ─âng k├╜.",,,
13,,- Th├┤ng b├ío lß╗ùi trß╗▒c tiß║┐p tß║íi ├┤ nhß║¡p,,Cß║⌐n cß║úi thiß╗çn,"- Khi bß╗Å trß╗æng hoß║╖c nhß║¡p sai, lß╗ùi chß╗ë hiß╗çn sau khi nhß║Ñn n├║t ─É─âng k├╜ d╞░ß╗¢i dß║íng th├┤ng b├ío chung, kh├┤ng chß╗ë r├╡ ├┤ n├áo ─æang sai.","- Khi ng╞░ß╗¥i d├╣ng bß╗Å trß╗æng hoß║╖c nhß║¡p sai ├┤ n├áo, hß╗ç thß╗æng b├ío lß╗ùi ngay tß║íi ├┤ ─æ├│, highlight ─æß╗Å viß╗ün v├á hiß╗çn th├┤ng b├ío nhß╗Å ngay cß║ính ,kh├┤ng cß║ºn ─æß╗úi nhß║Ñn ─É─âng k├╜ mß╗¢i biß║┐t lß╗ùi.",,,
14,,- Chuß║⌐n ho├í email,,Cß║⌐n cß║úi thiß╗çn,"- Email kh├┤ng ─æ╞░ß╗úc xß╗¡ l├╜ tr╞░ß╗¢c khi kiß╗âm tra, dß║½n ─æß║┐n c├╣ng mß╗Öt ─æß╗ïa chß╗ë email nh╞░ng viß║┐t kh├íc kiß╗âu chß╗» (c├│ khoß║úng trß║»ng, chß╗» hoa) vß║½n tß║ío ─æ╞░ß╗úc nhiß╗üu t├ái khoß║ún kh├íc nhau.",- Email tß╗▒ ─æß╗Öng bß╗Å khoß║úng trß║»ng thß╗½a v├á chuyß╗ân vß╗ü chß╗» th╞░ß╗¥ng tr╞░ß╗¢c khi kiß╗âm tra tr├╣ng v├á l╞░u v├áo hß╗ç thß╗æng.,,,
15,,"- ─É─âng k├╜ bß║▒ng mß║íng x├ú hß╗Öi, t├ái khoß║ún google",,Th├¬m mß╗¢i,- Hiß╗çn tß║íi trang web ch╞░a c├│ chß╗⌐c n─âng n├áy trong ß╗⌐ng dß╗Ñng.,- Ng╞░ß╗¥i d├╣ng c├│ thß╗â ─æ─âng k├╜ nhanh bß║▒ng t├ái khoß║ún Google hoß║╖c mß║íng x├ú hß╗Öi. Nß║┐u email tß╗½ t├ái khoß║ún mß║íng x├ú hß╗Öi ch╞░a tß╗ôn tß║íi trong hß╗ç thß╗æng th├¼ tß╗▒ ─æß╗Öng tß║ío t├ái khoß║ún mß╗¢i.,,,
16,─É─âng nhß║¡p,- Ghi nhß╗¢ ─æ─âng nhß║¡p,,Cß║⌐n cß║úi thiß╗çn,"- Checkbox ""Ghi nhß╗¢ ─æ─âng nhß║¡p"" c├│ hiß╗ân thß╗ï tr├¬n giao diß╗çn nh╞░ng kh├┤ng c├│ bß║Ñt kß╗│ xß╗¡ l├╜ thß╗▒c sß╗▒ n├áo. Ng╞░ß╗¥i d├╣ng t├¡ch v├áo nh╞░ng lß║ºn sau mß╗ƒ tr├¼nh duyß╗çt vß║½n phß║úi ─æ─âng nhß║¡p lß║íi tß╗½ ─æß║ºu.","-  Khi ng╞░ß╗¥i d├╣ng t├¡ch v├áo ├┤ n├áy th├¼ lß║ºn mß╗ƒ tr├¼nh duyß╗çt sau kh├┤ng cß║ºn ─æ─âng nhß║¡p lß║íi, phi├¬n ─æ─âng nhß║¡p ─æ╞░ß╗úc duy tr├¼ trong khoß║úng thß╗¥i gian hß╗úp l├╜.",,,
17,,- ß║¿n / Hiß╗çn mß║¡t khß║⌐u,,Cß║⌐n cß║úi thiß╗çn,"- ├ö nhß║¡p mß║¡t khß║⌐u kh├┤ng c├│ n├║t ─æß╗â kiß╗âm tra lß║íi nß╗Öi dung vß╗½a g├╡, ng╞░ß╗¥i d├╣ng dß╗à nhß║¡p sai m├á kh├┤ng biß║┐t.","- Th├¬m icon h├¼nh con mß║»t ß╗ƒ g├│c phß║úi ├┤ mß║¡t khß║⌐u. Nhß║Ñn v├áo th├¼ hiß╗çn k├╜ tß╗▒ ─æ├ú g├╡, nhß║Ñn lß║íi th├¼ ß║⌐n ─æi.",,,
18,,- Th├┤ng b├ío khi truy cß║¡p Admin kh├┤ng ─æß╗º quyß╗ün,,Cß║⌐n cß║úi thiß╗çn,"- Khi ng╞░ß╗¥i d├╣ng th╞░ß╗¥ng cß╗æ truy cß║¡p trang quß║ún trß╗ï, hß╗ç thß╗æng chß║╖n lß║íi nh╞░ng kh├┤ng c├│ th├┤ng b├ío r├╡ l├╜ do tß║íi sao bß╗ï chß║╖n.","- Khi kh├┤ng ─æß╗º quyß╗ün truy cß║¡p trang Admin, hiß╗ân thß╗ï th├┤ng b├ío r├╡ r├áng: ""Bß║ín kh├┤ng c├│ quyß╗ün truy cß║¡p khu vß╗▒c quß║ún trß╗ï.""",,,
19,,- Th├┤ng b├ío khi t├ái khoß║ún bß╗ï kho├í,,Cß║⌐n cß║úi thiß╗çn,"- Vß╗¢i t├ái khoß║ún bß╗ï v├┤ hiß╗çu ho├í (active = 0), hß╗ç thß╗æng d├╣ng chung th├┤ng b├ío lß╗ùi giß╗æng nh╞░ sai mß║¡t khß║⌐u, kh├┤ng ph├ón biß╗çt t├¼nh huß╗æng, g├óy nhß║ºm lß║½n cho ng╞░ß╗¥i d├╣ng","- Khi t├ái khoß║ún bß╗ï kho├í v├á cß╗æ ─æ─âng nhß║¡p hiß╗ân thß╗ï ri├¬ng th├┤ng b├ío: ""T├ái khoß║ún cß╗ºa bß║ín ─æ├ú bß╗ï v├┤ hiß╗çu ho├í. Vui l├▓ng li├¬n hß╗ç hß╗ù trß╗ú ─æß╗â ─æ╞░ß╗úc gi├║p ─æß╗í.""",,,
20,,- Th├┤ng b├ío sau ─æ─âng nhß║¡p th├ánh c├┤ng,,Th├¬m mß╗¢i,- Hiß╗çn tß║íi trang web ch╞░a c├│ chß╗⌐c n─âng n├áy trong ß╗⌐ng dß╗Ñng.,"- Sau khi ─æ─âng nhß║¡p th├ánh c├┤ng, hiß╗ân thß╗ï th├┤ng b├ío ch├áo mß╗½ng ngß║»n ß╗ƒ trang chß╗º rß╗ôi tß╗▒ ─æß╗Öng biß║┐n mß║Ñt sau v├ái gi├óy.",,,
21,Qu├¬n mß║¡t khß║⌐u,- Kiß╗âm tra bß║úo mß║¡t CSRF,,Cß║⌐n cß║úi thiß╗çn,- Form qu├¬n mß║¡t khß║⌐u c├│ gß╗¡i CSRF token nh╞░ng ph├¡a server kh├┤ng kiß╗âm tra gi├í trß╗ï n├áy,"- Ph├¡a server kiß╗âm tra v├á x├íc nhß║¡n CSRF token trong mß╗ùi y├¬u cß║ºu ─æß║╖t lß║íi mß║¡t khß║⌐u. Y├¬u cß║ºu n├áo thiß║┐u hoß║╖c sai token th├¼ bß╗ï tß╗½ chß╗æi 
ngay lß║¡p tß╗⌐c.",,,
22,,- M├ú ho├í mß║¡t khß║⌐u cß╗ºa t├ái khoß║ún c┼⌐ ,,Cß║⌐n cß║úi thiß╗çn,"- Mß╗Öt sß╗æ t├ái khoß║ún ─æ╞░ß╗úc tß║ío tr╞░ß╗¢c khi hß╗ç thß╗æng c├│ t├¡nh n─âng m├ú ho├í vß║½n ─æang l╞░u mß║¡t khß║⌐u d╞░ß╗¢i dß║íng chß╗» th╞░ß╗¥ng. Nß║┐u dß╗» liß╗çu bß╗ï lß╗Ö, to├án bß╗Ö mß║¡t khß║⌐u n├áy bß╗ï ─æß╗ìc ngay lß║¡p tß╗⌐c m├á kh├┤ng cß║ºn giß║úi m├ú.","- Khi ng╞░ß╗¥i d├╣ng c├│ mß║¡t khß║⌐u c┼⌐ ch╞░a m├ú ho├í ─æ─âng nhß║¡p th├ánh c├┤ng, hß╗ç thß╗æng tß╗▒ ─æß╗Öng m├ú ho├í lß║íi mß║¡t khß║⌐u ─æ├│ v├á cß║¡p nhß║¡t ngay v├áo c╞í sß╗ƒ dß╗» liß╗çu. Sau khi ho├án tß║Ñt, hß╗ç thß╗æng ngß╗½ng hß╗ù trß╗ú so s├ính mß║¡t khß║⌐u ch╞░a m├ú ho├í ho├án to├án.",,,
23,,- Cß║¡p nhß║¡t giao diß╗çn trang,,Cß║⌐n cß║úi thiß╗çn,"- Giao diß╗çn trang qu├¬n mß║¡t khß║⌐u c├▓n ─æ╞ín giß║ún, ch╞░a nhß║Ñt qu├ín vß╗¢i phong c├ích thiß║┐t kß║┐ chung cß╗ºa to├án bß╗Ö ß╗⌐ng dß╗Ñng.","- Giao diß╗çn trang qu├¬n mß║¡t khß║⌐u ─æ╞░ß╗úc cß║¡p nhß║¡t lß║íi ─æß╗ông bß╗Ö vß╗¢i phong c├ích thiß║┐t kß║┐ chung, m├áu sß║»c, font chß╗», bo g├│c v├á khoß║úng c├ích nhß║Ñt qu├ín vß╗¢i c├íc trang ─æ─âng k├╜, ─æ─âng nhß║¡p.",,,
24,,- Giß╗¢i hß║ín sß╗æ lß║ºn gß╗¡i email,,Th├¬m mß╗¢i,- Hiß╗çn tß║íi trang web ch╞░a c├│ chß╗⌐c n─âng n├áy trong ß╗⌐ng dß╗Ñng.,- Mß╗ùi ─æß╗ïa chß╗ë email chß╗ë ─æ╞░ß╗úc y├¬u cß║ºu gß╗¡i link ─æß║╖t lß║íi mß║¡t khß║⌐u tß╗æi ─æa 3ΓÇô5 lß║ºn trong v├▓ng 1 giß╗¥ ─æß╗â tr├ính bß╗ï lß║ím dß╗Ñng g├óy spam,,,
25,Quß║ún l├¡ t├ái khoß║ún ,- Cß║¡p nhß║¡t th├┤ng tin ng├áy sinh,,Cß║⌐n cß║úi thiß╗çn,"- ─Éang kh├┤ng hß╗úp l├╜ logic khi c├│ thß╗â nhß║¡p bß║Ñt kß╗│ giß╗¢i hß║ín ng├áy sinh 
( tr╞░ß╗¢c < 100-1000 n─âm < sau) ","- ├ö chß╗ìn ng├áy sinh giß╗¢i hß║ín trong phß║ím vi hß╗úp l├╜: kh├┤ng ─æ╞░ß╗úc chß╗ìn ng├áy trong t╞░╞íng lai v├á kh├┤ng ─æ╞░ß╗úc nhß║¡p n─âm sinh qu├í xa trong qu├í khß╗⌐ (tß╗½ 100 n─âm tr╞░ß╗¢c ─æß║┐n hiß╗çn tß║íi). Cß║ú giao diß╗çn lß║½n hß╗ç thß╗æng ─æß╗üu kiß╗âm tra ─æß╗â tr├ính l╞░u dß╗» liß╗çu v├┤ ngh─⌐a.
",,,
26,,- Cß║¡p nhß║¡t th├┤ng tin ─æß╗ïa chß╗ë c├í nh├ón,,Cß║⌐n cß║úi thiß╗çn,"- Cß║¡p nhß║¡t ─æß╗ïa chß╗ë c├▓n nhß║¡p thß╗º c├┤ng bß║▒ng tay c├│ thß╗â dß║½n ─æß║┐n dß╗» liß╗çu kh├┤ng nhß║Ñt qu├ín (viß║┐t tß║»t, sai ch├¡nh tß║ú)","- Thay bß║▒ng Dropdown c├│ danh s├ích cß╗æ ─æß╗ïnh phß╗Ñ thuß╗Öc nhau , khi chß╗ìn Tß╗ënh xong th├¼ tß╗▒ lß╗ìc Quß║¡n, chß╗ìn Quß║¡n xong th├¼ tß╗▒ lß╗ìc Ph╞░ß╗¥ng. Dß╗» liß╗çu h├ánh ch├¡nh c├│ thß╗â lß║Ñy tß╗½ API c├┤ng khai cß╗ºa Ch├¡nh phß╗º hoß║╖c tß║úi sß║╡n v├áo DB ─æß╗â kh├┤ng phß╗Ñ thuß╗Öc external service.",,,
27,,- ─Éß╗òi mß║¡t khß║⌐u,,─Éß║ít y├¬u cß║ºu,- Ho├án th├ánh,"- Ng╞░ß╗¥i d├╣ng nhß║¡p mß║¡t khß║⌐u hiß╗çn tß║íi, mß║¡t khß║⌐u mß╗¢i v├á x├íc nhß║¡n mß║¡t khß║⌐u mß╗¢i. Hß╗ç thß╗æng kiß╗âm tra ─æ├║ng mß║¡t khß║⌐u c┼⌐ tr╞░ß╗¢c khi cho ph├⌐p ─æß╗òi. Mß║¡t khß║⌐u mß╗¢i ─æ╞░ß╗úc l╞░u d╞░ß╗¢i dß║íng m├ú ho├í.",,,
28,,- Upload avatar,,Cß║ºn cß║úi thiß╗çn,"- Chß╗⌐c n─âng upload  th├¼ ─æ├ú hoß║ít ─æß╗Öng, nh╞░ng file ß║únh c┼⌐ kh├┤ng ─æ╞░ß╗úc xo├í sau khi ng╞░ß╗¥i d├╣ng ─æß╗òi ß║únh mß╗¢i. 
C├íc file ß║únh c┼⌐ t├¡ch tß╗Ñ dß║ºn tr├¬n server chiß║┐m dung l╞░ß╗úng l╞░u trß╗» kh├┤ng cß║ºn thiß║┐t.","- Sau khi ng╞░ß╗¥i d├╣ng tß║úi ß║únh ─æß║íi diß╗çn mß╗¢i l├¬n th├ánh c├┤ng, file ß║únh c┼⌐ ─æ╞░ß╗úc tß╗▒ ─æß╗Öng xo├í khß╗Åi server ─æß╗â tr├ính l├úng ph├¡ dung l╞░ß╗úng. ß║ónh mß╗¢i hiß╗ân thß╗ï ngay kh├┤ng cß║ºn tß║úi lß║íi trang.",,,
29,Danh s├ích sß║ún phß║⌐m,- Lß╗ìc nhiß╗üu ti├¬u ch├¡ ─æß╗ông thß╗¥i,,Cß║ºn cß║úi thiß╗çn,"- C├íc bß╗Ö lß╗ìc (th╞░╞íng hiß╗çu, khoß║úng gi├í, giß╗¢i t├¡nh) ─æ╞░ß╗úc ├íp dß╗Ñng ri├¬ng lß║╗. Khi ng╞░ß╗¥i d├╣ng nhß║Ñn n├║t ""Lß╗ìc sß║ún phß║⌐m"", trang tß║úi lß║íi to├án bß╗Ö mß╗¢i hiß╗ân thß╗ï kß║┐t quß║ú.",- Ng╞░ß╗¥i d├╣ng chß╗ìn ─æß╗ông thß╗¥i ─æ╞░ß╗úc nhiß╗üu bß╗Ö lß╗ìc (vd: vß╗½a chß╗ìn th╞░╞íng hiß╗çu Nike vß╗½a chß╗ìn khoß║úng gi├í v├á giß╗¢i t├¡nh ) v├á kß║┐t quß║ú cß║¡p nhß║¡t ngay lß║¡p tß╗⌐c m├á kh├┤ng cß║ºn tß║úi lß║íi trang.,,,
30,,- T├¼m kiß║┐m tiß║┐ng Viß╗çt kh├┤ng dß║Ñu,,Cß║ºn cß║úi thiß╗çn,- Chß╗⌐c n─âng t├¼m kiß║┐m chß╗ë khß╗¢p ─æ├║ng tß╗½ kho├í ng╞░ß╗¥i d├╣ng g├╡ v├áo t├¬n sß║ún phß║⌐m. Nß║┐u g├╡ kh├┤ng dß║Ñu hoß║╖c viß║┐t tß║»t th├¼ kh├┤ng t├¼m ra kß║┐t quß║ú d├╣ sß║ún phß║⌐m c├│ tß╗ôn tß║íi.,"- T├¼m kiß║┐m hß╗ù trß╗ú tiß║┐ng Viß╗çt c├│ dß║Ñu lß║½n kh├┤ng dß║Ñu (vd: g├╡ ""giay chay bo"" vß║½n t├¼m ra ""Gi├áy Chß║íy Bß╗Ö"") gi├║p ng╞░ß╗¥i d├╣ng t├¼m kiß║┐m dß╗à d├áng h╞ín.",,,
31,,- Mß╗ƒ rß╗Öng phß║ím vi t├¼m kiß║┐m,,Cß║ºn cß║úi thiß╗çn,- T├¼m kiß║┐m hiß╗çn chß╗ë so s├ính tß╗½ kho├í vß╗¢i t├¬n sß║ún phß║⌐m c├╣ng vß╗¢i 1 sß╗æ ├¡t t├¬n th╞░╞íng hiß╗çu v├á danh mß╗Ñc dß║½n ─æß║┐n ng╞░ß╗¥i d├╣ng t├¼m t├¬n h├úng th├¼ kh├┤ng ra kß║┐t quß║ú.,"- Mß╗ƒ rß╗Öng t├¼m kiß║┐m ─æß╗â bao gß╗ôm cß║ú t├¬n th╞░╞íng hiß╗çu, gi├║p ng╞░ß╗¥i d├╣ng g├╡ t├¬n h├úng c┼⌐ng t├¼m ─æ╞░ß╗úc sß║ún phß║⌐m t╞░╞íng ß╗⌐ng. T─âng hiß╗çu quß║ú trß║úi nghiß╗çm ng╞░ß╗¥i d├╣ng",,,
32,,- Th├¬m dß╗» liß╗çu sß║ún phß║⌐m tr├¬n 200 sß║ún phß║⌐m ,,Cß║ºn cß║úi thiß╗çn,"- Mß╗¢i chß╗ë ─æang c├│ gß║ºn 50 sß║ún phß║⌐m nhiß╗üu m├áu s─âc, kich thich, thß╗â loß║íi ","- Gi├║p web trß╗ƒ l├¬n ─æa dang v├á phong ph├║ h╞ín, cß║úi thiß╗çn vß╗ü trß║úi nghiß╗çm ng╞░ß╗¥i dung",,,
33,,- Ph├ón trang,,Cß║ºn cß║úi thiß╗çn,"- Thanh ph├ón trang ─æang liß╗çt k├¬ to├án bß╗Ö tß║Ñt cß║ú sß╗æ trang li├¬n tiß║┐p. Nß║┐u c├│ 50ΓÇô100 trang, thanh ph├ón trang k├⌐o rß║Ñt d├ái g├óy mß║Ñt thß║⌐m mß╗╣ v├á gß║ºn nh╞░ kh├┤ng d├╣ng ─æ╞░ß╗úc.","- Thanh ph├ón trang chß╗ë hiß╗ân thß╗ï c├íc trang gß║ºn trang hiß╗çn tß║íi, d├╣ng dß║Ñu ""..."" cho khoß║úng ß╗ƒ giß╗»a thay v├¼ liß╗çt k├¬ hß║┐t. Giß╗» nguy├¬n bß╗Ö lß╗ìc v├á ti├¬u ch├¡ sß║»p xß║┐p khi chuyß╗ân trang.",,,
34,,- Hiß╗ân thß╗ï sß╗æ l╞░ß╗úng kß║┐t quß║ú,,Th├¬m mß╗¢i,- Hiß╗çn tß║íi trang web ch╞░a c├│ chß╗⌐c n─âng n├áy trong ß╗⌐ng dß╗Ñng.,"- Ngay ph├¡a tr├¬n danh s├ích sß║ún phß║⌐m hiß╗ân thß╗ï sß╗æ l╞░ß╗úng sß║ún phß║⌐m ─æang khß╗¢p vß╗¢i bß╗Ö lß╗ìc hiß╗çn tß║íi, vd: ""─Éang hiß╗ân thß╗ï 16 / 48 sß║ún phß║⌐m"".",,,
35,,- N├║t xo├í bß╗Ö lß╗ìc,,Th├¬m mß╗¢i,- Hiß╗çn tß║íi trang web ch╞░a c├│ chß╗⌐c n─âng n├áy trong ß╗⌐ng dß╗Ñng.,"- C├│ n├║t ""Xo├í bß╗Ö lß╗ìc"" ─æß╗â ng╞░ß╗¥i d├╣ng bß╗Å tß║Ñt cß║ú ti├¬u ch├¡ ─æang chß╗ìn v├á quay vß╗ü danh s├ích ─æß║ºy ─æß╗º chß╗ë bß║▒ng mß╗Öt lß║ºn nhß║Ñn, kh├┤ng cß║ºn bß╗Å tß╗½ng lß╗▒a chß╗ìn mß╗Öt.",,,
36,Chi tiß║┐t sß║ún phß║⌐m,"- Validation x├íc thß╗▒c login mß╗¢i thß╗▒c hiß╗çn ─æ╞░ß╗úc c├íc chß╗⌐c 
n─âng trß║úi nghiß╗çm trang web ( trß╗½ ─æ├ính gi├í ─æang lß╗ùi hiß╗ân thß╗ï 
form)",,─Éß║ít y├¬u cß║ºu,- Ho├án th├ánh,"-C├íc trang y├¬u cß║ºu ─æ─âng nhß║¡p tß╗▒ ─æß╗Öng chuyß╗ân ng╞░ß╗¥i d├╣ng vß╗ü trang ─æ─âng nhß║¡p. Sau khi ─æ─âng nhß║¡p xong, hß╗ç thß╗æng chuyß╗ân ─æ├║ng vß╗ü trang ng╞░ß╗¥i d├╣ng muß╗æn v├áo ban ─æß║ºu.",,,
37,,-Th├┤ng tin chi tiß║┐t sß║ún phß║⌐m,,─Éß║ít y├¬u cß║ºu,- Ho├án th├ánh,"- Trang hiß╗ân thß╗ï ─æß║ºy ─æß╗º t├¬n sß║ún phß║⌐m, th╞░╞íng hiß╗çu, gi├í b├ín, gi├í gß╗æc (nß║┐u ─æang giß║úm), t├¼nh trß║íng c├▓n 
h├áng/hß║┐t h├áng v├á m├┤ tß║ú sß║ún phß║⌐m. Th├┤ng sß╗æ kß╗╣ thuß║¡t ─æ╞░ß╗úc liß╗çt k├¬ r├╡ r├áng trong phß║ºn ri├¬ng b├¬n d╞░ß╗¢i m├┤ tß║ú.",,,
38,,- Upload Gallery ß║únh sß║ún phß║⌐m,,─Éß║ít y├¬u cß║ºu,- Ho├án th├ánh,-Trang hiß╗ân thß╗ï ß║únh ch├¡nh lß╗¢n k├¿m h├áng ß║únh thu nhß╗Å b├¬n d╞░ß╗¢i. Nhß║Ñn v├áo ß║únh thu nhß╗Å n├áo th├¼ ß║únh ch├¡nh ─æß╗òi sang ß║únh ─æ├│ ngay lß║¡p tß╗⌐c. Nß║┐u sß║ún phß║⌐m kh├┤ng c├│ ß║únh hoß║╖c ß║únh bß╗ï lß╗ùi th├¼ hiß╗ân thß╗ï ß║únh mß║╖c ─æß╗ïnh thay thß║┐ thay v├¼ ─æß╗â vß╗í khung.,,,
39,,- Chß╗ìn size v├á m├áu sß║»c sß║ún phß║⌐m,,─Éß║ít y├¬u cß║ºu,- Ho├án th├ánh,"- Danh s├ích size v├á m├áu lß║Ñy ─æß╗Öng tß╗½ c╞í sß╗ƒ dß╗» liß╗çu, hiß╗ân thß╗ï dß║íng n├║t bß║Ñm trß╗▒c quan. Khi chß╗ìn mß╗Öt size hoß║╖c m├áu, sß╗æ l╞░ß╗úng tß╗ôn kho c├▓n lß║íi cß║¡p nhß║¡t t╞░╞íng ß╗⌐ng. C├íc lß╗▒a chß╗ìn hß║┐t h├áng ─æ╞░ß╗úc hiß╗ân thß╗ï mß╗¥ v├á kh├┤ng cho bß║Ñm.",,,
40,,- Button prev/next h├¼nh ß║únh sß║ún phß║⌐m,,Cß║⌐n cß║úi thiß╗çn,-  N├║t prev/next ch╞░a thß╗▒c hiß╗çn ─æ╞░ß╗úc chß╗⌐c n─âng,"- Khi click v├áo n├║t prev/next c├│ thß╗â chuyß╗ân ß║únh sang tr├íi/phß║úi trong bß╗Ö gallery ß║únh cß╗ºa sß║ún phß║⌐m. ─Éang ß╗ƒ ß║únh ─æß║ºu th├¼ n├║t tr├íi mß╗¥ kh├┤ng bß║Ñm ─æ╞░ß╗úc, ─æang ß╗ƒ ß║únh cuß╗æi th├¼ ng╞░ß╗úc lß║íi. Thumbnail t╞░╞íng ß╗⌐ng c┼⌐ng tß╗▒ ─æß╗Öng ─æ╞░ß╗úc ─æ├ính dß║Ñu ─æang chß╗ìn.",,,
41,,- Zoom ß║únh sß║ún phß║⌐m,,Cß║⌐n cß║úi thiß╗çn,- ß║ónh ─æ╞░ß╗úc zoom chi tiß║┐t ─æang to tr├án ra viß╗ün -> dß║½n ─æß║┐n kh├┤ng xem chi tiß║┐t ─æ╞░ß╗úc sß║ún phß║⌐m,"- Khi hover chuß╗Öt v├áo ß║únh sß║ún phß║⌐m ch├¡nh, mß╗Öt khung h├¼nh vu├┤ng b├ím theo con trß╗Å hiß╗ân thß╗ï v├╣ng ß║únh ─æ╞░ß╗úc ph├│ng to r├╡ n├⌐t gi├║p xem chi tiß║┐t . Khung zoom hiß╗ân thß╗ï gß╗ìn trong v├╣ng cß╗æ ─æß╗ïnh b├¬n cß║ính, kh├┤ng tr├án ra ngo├ái hay che khuß║Ñt th├┤ng tin kh├íc.",,,
42,,- ─É├ính gi├í sß║ún phß║⌐m,,Cß║⌐n cß║úi thiß╗çn,- Kiß╗âm tra ─æ─âng nhß║¡p c├│ lß║╜ ─æang gß╗ìi sai biß║┐n dß║½n ─æß║┐n kh├┤ng hiß╗ân thß╗ï form viß║┐t ─æ├ính gi├í d├╣ user ─æ├ú ─æ─âng nhß║¡p,"- Sß╗¡a lß║íi  roles_users ─æß╗â hß╗ç thß╗æng nhß║¡n diß╗çn ─æ├║ng current_user ─æang ─æ─âng nhß║¡p. Sau khi sß╗¡a, form viß║┐t ─æ├ính gi├í tß╗▒ hiß╗ân thß╗ï ─æ├║ng vß╗¢i nhß╗»ng ai ─æß╗º ─æiß╗üu kiß╗çn (─æ├ú ─æ─âng nhß║¡p v├á ─æ├ú mua sß║ún phß║⌐m ─æ├│).",,,
43,,- Start Rating,,Cß║ºn cß║úi thiß╗çn,"- Click ─æ├ính gi├í hiß╗çn tß║íi chß╗ë l╞░u lß║íi DB ngay trß╗▒c tiß║┐p l├║c ─æ├│, ch╞░a ─æ├║ng so vß╗¢i phß║ºn ─æiß╗âm ─æ├ính gi├í ß╗ƒ d╞░ß╗¢i phß║ºn b├¼nh luß║¡n",- Kß║┐t nß╗æi hiß╗ân thß╗ï sao vß╗¢i ─æiß╗âm trung b├¼nh thß╗▒c tß║┐ t├¡nh tß╗½ dß╗» liß╗çu ─æ├ính gi├í ─æ├ú ─æ╞░ß╗úc duyß╗çt.,,,
44,Giß╗Å h├áng,- Giao diß╗çn trang giß╗Å h├áng,,Cß║ºn cß║úi thiß╗çn,"- N├║t ""MUA NGAY - GIAO H├ÇNG THANH TO├üN"" bß╗ï thß╗½a (lß║╖p lß║íi vß╗¢i n├║t Mua ngay), bß╗æ cß╗Ñc n├║t bß║Ñm ch╞░a tß╗æi ╞░u chiß║┐m nhiß╗üu diß╗çn t├¡ch.","- Loß║íi bß╗Å c├íc n├║t d╞░ thß╗½a. Gß╗Öp nh├│m c├íc n├║t h├ánh ─æß╗Öng (Mua ngay, Trß║ú g├│p) v├áo mß╗Öt khu vß╗▒c cß╗æ ─æß╗ïnh ─æß╗â ng╞░ß╗¥i d├╣ng dß╗à nh├¼n thß║Ñy tß╗òng chi ph├¡ v├á thanh to├ín ngay.",done,phong,14/4
45,,- Xem th├┤ng tin sß║ún phß║⌐m trong giß╗Å h├áng,,Cß║ºn cß║úi thiß╗çn,- Kh├┤ng xem chi tiß║┐t ─æ╞░ß╗úc sß║ún phß║⌐m khi ß║Ñn v├áo sß║ún phß║⌐m.,- Khi ß║Ñn v├┤ sß║ún phß║⌐m trong giß╗Å h├áng c├│ thß╗â ─æiß╗üu h╞░ß╗¢ng vß╗ü trang chß╗⌐a th├┤ng tin chi tiß║┐t cß╗ºa sß║ún phß║⌐n ─æ├│,done,phong,27/4
46,,- Trß║ú g├│p,,Th├¬m mß╗¢i,- Hiß╗çn tß║íi trang web ch╞░a c├│ chß╗⌐c n─âng n├áy trong ß╗⌐ng dß╗Ñng.,- Th├¬m 1 trang h╞░ß╗¢ng dß║½n trß║ú g├│p. Khi ng╞░ß╗¥i d├╣ng muß╗æn sß╗¡ dungj dß╗ïch vß╗Ñ trß║ú g├│p th├¼ sß║╜ ─æ╞░ß╗úc li├¬n lß║íc trß╗▒c tiß║┐p vß╗¢i nh├ón vi├¬n.,done,phong,16/4
47,,- T─âng giß║úm sß╗æ l╞░ß╗úng/ cß║¡p nhß║¡t sß║ún phß║⌐m,,Cß║ºn cß║úi thiß╗çn,"- ├ö nhß║¡p sß╗æ l╞░ß╗úng v├á n├║t ""Cß║¡p nhß║¡t"" rß╗¥i rß║íc
- Thay ─æß╗òi sß╗æ l╞░ß╗úng kh├┤ng tß╗▒ ─æß╗Öng nhß║úy tß╗òng tiß╗ün m├á phß║úi nhß║Ñn n├║t.","- T├¡ch hß╗úp AJAX ─æß╗â khi thay ─æß╗òi sß╗æ l╞░ß╗úng, hß╗ç thß╗æng tß╗▒ ─æß╗Öng cß║¡p nhß║¡t tß╗òng tiß╗ün v├á th├ánh tiß╗ün 
cß╗ºa sß║ún phß║⌐m ngay lß║¡p tß╗⌐c m├á kh├┤ng cß║ºn tß║úi lß║íi trang hoß║╖c nhß║Ñn n├║t ""Cß║¡p nhß║¡t"".",done,phong,15/4
48,,- X├│a sß║ún phß║⌐m ─æ├ú chß╗ìn,,Cß║ºn cß║úi thiß╗çn,- Thao t├íc x├│a diß╗àn ra ngay lß║¡p tß╗⌐c. L├ám cho ng╞░ß╗¥i d├╣ng dß╗à mß║Ñt dß╗» liß╗çu sß║ún phß║⌐m ─æ├ú chß╗ìn,"- Sß╗¡a n├║t hiß╗çn tß║íi th├ánh icon th├╣ng r├íc. 
- Th├¬m hß╗Öp thoß║íi x├íc nhß║¡n x├│a sß║ún phß║⌐m ─æ├ú chß╗ìn tr├ính mß║Ñt sß║ún phß║⌐m ─æ├ú chß╗ìn",done,phong,13/4
49,,- T├¡nh tß╗òng tiß╗ün,,Cß║ºn cß║úi thiß╗çn,"- Hiß╗ân thß╗ï ─æ├║ng nh╞░ng ch╞░a c├│ sß╗▒ ph├ón biß╗çt r├╡ r├áng vß╗ü font chß╗»/m├áu sß║»c 
─æß╗â l├ám nß╗òi bß║¡t sß╗æ tiß╗ün cuß╗æi c├╣ng.","- Thay ─æß╗òi m├áu sß║»c font chß╗» cß╗ºa phß║ºn tß╗òng tiß╗ün, l├ám nß╗òi bß║¡t phß║ºn quan trß╗ìng gi├║p giao diß╗çn dß╗à nh├¼n",done,phong,27/4
50,,- X├│a to├án bß╗Ö giß╗Å h├áng,,Cß║ºn cß║úi thiß╗çn,- Thiß║┐u hß╗Öp thoß║íi x├íc nhß║¡n x├│a to├án bß╗Ö giß╗Å.,- Th├¬m hß╗Öp thoß║íi x├íc nhß║¡n khi ß║Ñn n├║t x├│a to├án bß╗Ö tr├ính ng╞░ß╗¥i d├╣ng ß║Ñn nhß║ºm g├óy mß║Ñt hß║┐t sß║ún phß║⌐m ─æ├ú ─æß║╖t,done,phong,
51,,- Giao diß╗çn c├íc thß║╗ card v├á c├íc n├║t bß║Ñm,,Cß║ºn cß║úi thiß╗çn,"- C├íc n├║t bß║Ñm (X├│a, Cß║¡p nhß║¡t) thiß║┐t kß║┐ c├▓n th├┤.
- Ch╞░a c├│ hiß╗çu ß╗⌐ng hover hoß║╖c m├áu sß║»c ─æß║╖c tr╞░ng (Accent Color).","- Th├¬m M├áu nhß║Ñn (Accent Color) cho c├íc n├║t chß╗⌐c n─âng ─æß╗â t─âng t├¡nh sinh ─æß╗Öng, tr├ính tß║╗ nhß║ít.",done,phong,
52,Thanh to├ín,- Nhß║¡p th├┤ng tin giao h├áng ,,Cß║ºn cß║úi thiß╗çn,"- Form nhß║¡p liß╗çu c├▓n ─æ╞ín giß║ún, ch╞░a c├│ dropdown chß╗ìn Tß╗ënh/Th├ánh, thiß║┐u ─æß╗ïa chß╗ë ph╞░ß╗¥ng x├ú v├á ─æß╗ïa chß╗ë sß╗æ nh├á cß╗Ñ thß╗â","- Triß╗ân khai Dependent Dropdown cho bß╗Ö chß╗ìn Tß╗ënh/Th├ánh,  th├¬m ph╞░ß╗¥ng/x├ú v├á  c├íc ─æß╗ïa chß╗ë cß╗Ñ thß╗â ─æß╗â shop c├│ thß╗â giao h├áng ─æ├║ng ─æß╗ïa chß╗ë",done,phong,
53,,- N├║t chß╗ìn ph╞░╞íng thß╗⌐c thanh to├ín,,Cß║ºn cß║úi thiß╗çn,- C├íc n├║t Radio chß╗ìn ph╞░╞íng thß╗⌐c c├│ diß╗çn t├¡ch nhß║¡n sß╗▒ kiß╗çn hß║╣p (chß╗ë bß║Ñm ─æ├║ng v├áo v├▓ng tr├▓n mß╗¢i nhß║¡n),- Thay ─æß╗òi form tr├¬n Radio Button. Khi ng╞░ß╗¥i d├╣ng chß╗ìn v├áo ph╞░╞íng th├║c thanh to├ín phß║ºn ─æ╞░ß╗úc chß╗ìn sß║╜ ─æ╞░ß╗úc ─æß╗òi m├áu v├á b├¬n cß║ính c├│ 1 dß║Ñu t├¡ch m├áu xanh ─æß╗â x├íc nhß║¡n ,done,phong,
54,,- Voucher,,Th├¬m mß╗¢i,- Hiß╗çn tß║íi trang web ch╞░a c├│ chß╗⌐c n─âng n├áy trong ß╗⌐ng dß╗Ñng.,"- Voucher sß║╜ ─æ╞░ß╗úc hiß╗ân thß╗ï ß╗ƒ trang th├┤ng tin c├í nh├ón ─æß╗â ng╞░ß╗¥i xem c├│ thß╗â biß║┐t ─æ╞░ß╗úc sß╗æ l╞░ß╗úng voucher ─æang c├│ v├á ph├╣ hß╗úp. c├│ thß╗â th├¬m, chß╗ënh sß╗¡a  ß╗ƒ trong cß║ú giß╗Å h├áng v├á thanh to├ín.",done,canh,
55,,- Chß╗⌐c n─âng ─æß║╖t h├áng,,Cß║ºn cß║úi thiß╗çn,- Thao t├íc ─æß║╖t h├áng diß╗àn ra ngay lß║¡p tß╗⌐c. L├ám cho ng╞░ß╗¥i d├╣ng dß╗à thao t├íc nhß║ºm,- Th├¬m hß╗Öp thoß║íi x├íc nhß║¡n khi ß║Ñn n├║t thanh to├ín tr├ính ng╞░ß╗¥i d├╣ng ß║ºn nhß║ºm g├óy mß║Ñt thß╗¥i gian,done,phong,
56,,- Ph╞░╞íng thß╗⌐c thanh to├ín chuyß╗ân khoß║ún,,Th├¬m mß╗¢i,- Hiß╗çn tß║íi trang web ch╞░a c├│ chß╗⌐c n─âng n├áy trong ß╗⌐ng dß╗Ñng.,- Th├¬m m├ú QR ─æß╗â  kh├ích h├áng c├│ thß╗â chuyß╗ân khoß║ún v├á n├║t sao ch├⌐p nhanh th├┤ng tin t├ái khoß║ún cho kh├ích h├áng muß╗æn nhß║¡p tay.,done,phong,
57,,- Gß╗¡i mail khi x├íc nhß║¡n thanh to├ín th├ánh c├┤ng,,Th├¬m mß╗¢i,- Hiß╗çn tß║íi trang web ch╞░a c├│ chß╗⌐c n─âng n├áy trong ß╗⌐ng dß╗Ñng.,- T├¡ch hß╗úp t├¡nh n─âng gß╗¡i lß╗¥i cß║úm ╞ín v├á chi tiß║┐t ─æ╞ín h├áng ─æ├ú ─æß║╖t vß╗ü mail ng╞░ß╗¥i d├╣ng,done,phong,
58,,- Ghi ch├║,,─Éß║ít y├¬u cß║ºu,- Ho├án th├ánh,- Ng╞░ß╗¥i d├╣ng c├│ thß╗â ─æß╗â lß║íi nhß╗»ng l╞░u ├╜ khi giao h├áng cho shop,done,phong,
59,─É╞ín h├áng ,- Lß╗ïch sß╗¡ ─æ╞ín h├áng,,Cß║ºn cß║úi thiß╗çn,"- Danh s├ích hiß╗ân thß╗ï dß║íng bß║úng th├┤, thiß║┐u trß╗▒c quan. 
- Kh├│ ph├ón biß╗çt c├íc trß║íng th├íi ─æ╞ín h├áng nhanh bß║▒ng mß║»t.","- Chuyß╗ân sang dß║íng Order Cards. Sß╗¡ dß╗Ñng m├áu sß║»c: Cam (Chß╗¥ xß╗¡ l├╜), Xanh l├í (─É├ú giao), ─Éß╗Å (─É├ú hß╗ºy), l├ám nß╗òi bß║¡t tß╗òng tiß╗ün bß║▒ng font Bold/Size lß╗¢n.",done,phong,
60,,- Chi tiß║┐t ─æ╞ín h├áng,,Cß║ºn cß║úi thiß╗çn,- Ng╞░ß╗¥i d├╣ng kh├┤ng biß║┐t ─æ╞ín h├áng ─æang ß╗ƒ b╞░ß╗¢c n├áo trong quy tr├¼nh vß║¡n chuyß╗ân.,- T├¡ch hß╗úp c├íc thanh trß║íng th├íi. ─Éß╗òi m├áu trß║íng th├íi t╞░╞íng ß╗⌐ng v├á ph├│ng to sß╗æ tiß╗ün thanh to├ín ─æß╗â dß╗à ─æß╗æi so├ít.,done,phong,
61,,- ─Éß║╖t lß║íi ─æ╞ín h├áng ─æ├ú giao,,Th├¬m mß╗¢i,- Hiß╗çn tß║íi trang web ch╞░a c├│ chß╗⌐c n─âng n├áy trong ß╗⌐ng dß╗Ñng.,"- T├¡ch hß╗úp chß╗⌐c n─âng ─æß║╖t h├áng lß║íi cho ─æ╞ín h├áng ─æ├ú giao, gi├║p tiß║┐t kiß╗çm thß╗¥i gian cho kh├ích h├áng.",done,phong,
62,,- Hß╗ºy ─æ╞ín h├áng,,Cß║ºn cß║úi thiß╗çn,"- Thao t├íc hß╗ºy ─æ╞ín diß╗àn ra ngay lß║¡p tß╗⌐c, dß╗à g├óy nhß║ºm lß║½n v├á mß║Ñt dß╗» liß╗çu.","- Th├¬m Confirmation Modal (Hß╗Öp thoß║íi x├íc nhß║¡n) tr╞░ß╗¢c khi thß╗▒c thi lß╗çnh Hß╗ºy. Hiß╗ân thß╗ï l├╜ do hß╗ºy ─æ╞ín (nß║┐u cß║ºn), tr├ính ng╞░ß╗¥i d├╣ng thao t├íc nhß║ºm dß║½n ─æß║┐n hß╗ºy ─æ╞ín kh├┤ng mong muß╗æn",done,phong,
63,Tin tß╗⌐c,- Danh s├ích tin,,Cß║ºn cß║úi thiß╗çn,"- C├íc thß║╗ tin tß╗⌐c (news-card) c├│ k├¡ch th╞░ß╗¢c ß║únh ─æß║íi diß╗çn kh├┤ng ─æß╗ông nhß║Ñt, ch╞░a c├│ hiß╗çu ß╗⌐ng ─æß╗ò b├│ng hoß║╖c ph├│ng to khi di chuß╗Öt v├áo.",- Th├¬m hiß╗çu ß╗⌐ng hover cho thß║╗ tin (news-card) v├á ─æß╗ông nhß║Ñt k├¡ch th╞░ß╗¢c ß║únh ─æß║íi diß╗çn (thumbnail). Th├¬m nhiß╗üu b├ái viß║┐t h╞ín.,done,phong,
64,,- Chi tiß║┐t tin,,Cß║ºn cß║úi thiß╗çn,"- V─ân bß║ún qu├í d├áy ─æß║╖c, kh├│ ─æß╗ìc (Line-height thß║Ñp). Bß╗æ cß╗Ñc bß╗ï co cß╗Ñm hoß║╖c qu├í lo├úng ß╗ƒ hai b├¬n.
","- C─ân chß╗ënh lß║íi ─æß╗Ö rß╗Öng cß╗ºa khung b├ái viß║┐t v├á gi├ún khoß║úng c├ích giß╗»a c├íc d├▓ng chß╗» cho tho├íng, dß╗à ─æß╗ìc h╞ín. ─Éß╗ông thß╗¥i, th├¬m thanh hiß╗ân thß╗ï ─æ╞░ß╗¥ng dß║½n v├á mß╗Öt cß╗Öt b├¬n cß║ính ─æß╗â cß║¡p nhß║¡t tin tß╗⌐c mß╗¢i.",done,phong,
65,,- N├║t quay vß╗ü danh s├ích tin,,Th├¬m mß╗¢i,- Hiß╗çn tß║íi trang web ch╞░a c├│ chß╗⌐c n─âng n├áy trong ß╗⌐ng dß╗Ñng.,"- Th├¬m mß╗Öt n├║t (buttom) c├│ chß╗⌐c n─âng quay vß╗ü trang danh s├ích tin tß╗⌐c, gi├║p ng╞░ß╗¥i ─æß╗ìc c├│ thß╗â xem tiß║┐p c├íc tin tß╗⌐c tiß║┐p theo m├á kh├┤ng bß╗ï tr├┤i tin",done,phong,
66,,- T├¼m kiß║┐m tin tß╗⌐c li├¬n quan,,Cß║ºn cß║úi Thiß╗çn,- Lß╗ùi format hiß╗ân thß╗ï kß║┐t quß║ú v├á t├¡nh n─âng t├¼m kiß║┐m ch╞░a hoß║ít ─æß╗Öng ch├¡nh x├íc.,"- Fix lß╗ùi Logic t├¼m kiß║┐m (Backend). Th├¬m bß╗Ö lß╗ìc (Filter) theo tß╗½ kh├│a v├á hiß╗ân thß╗ï trß║íng th├íi ""Kh├┤ng t├¼m thß║Ñy kß║┐t quß║ú"" th├ón thiß╗çn.",done,phong,
67,,- Danh mß╗Ñc tin tß╗⌐c,,Th├¬m mß╗¢i,- Hiß╗çn tß║íi trang web ch╞░a c├│ chß╗⌐c n─âng n├áy trong ß╗⌐ng dß╗Ñng.,"- Th├¬m c├íc n├║t( buttom) ng├áy/ th├íng/ n─âm, th├¬m t├¡nh n─âng Archive (L╞░u trß╗») ph├ón loß║íi theo ng├áy/ th├íng/ n─âm v├á Tags theo chß╗º ─æß╗ü tin tß╗⌐c.",done,phong,
68,,- B├¼nh luß║¡n,,Th├¬m mß╗¢i,- Hiß╗çn tß║íi trang web ch╞░a c├│ chß╗⌐c n─âng n├áy trong ß╗⌐ng dß╗Ñng.,"- Th├¬m 1 Comment Section gi├║p ng╞░ß╗¥i d├╣ng c├│ thß╗â nhß║¡n x├⌐t vß╗ü sß║ún phß║⌐m, c├│ thß╗â l╞░u tin hoß║╖c chia sß║╗ tin tß╗⌐c cho ng╞░ß╗¥i kh├íc",done,phong,
69,Quß║ún trß╗ï admin,Dashboard,- Bß║úng ─æ╞ín h├áng gß║ºn ─æ├óy ,Cß║úi thiß╗çn,- Hß╗ç thß╗æng ─æang lß║Ñy to├án bß╗Ö dß╗» liß╗çu rß╗ôi lß║Ñy 6 ─æ╞ín ─æß║ºu ti├¬n ─æß╗â hiß╗çn thß╗ï,"- Tß╗æi ╞░u truy vß║Ñn ─æß╗â hß╗ç thß╗æng chß╗ë lß║Ñy vß╗½a ─æß╗º dß╗» liß╗çu, kh├┤ng tß║úi thß╗½a",done,canh,20/4
70,,,- Biß╗âu ─æß╗ô doanh thu 7 ng├áy,Cß║⌐n cß║úi thiß╗çn,"- Form biß╗âu ─æß╗ô c├▓n rß║Ñt c╞í bß║ún, m├áu sß║»c ch╞░a ─æ╞░ß╗úc chß╗ënh sß╗¡a, phß║ºn dß╗» liß╗çu hiß╗çn c├íc con sß╗æ nguy├¬n th├┤ng th╞░ß╗¥ng (VD:1200000)","- Phß╗æi lß║íi m├áu sß║»c hiß╗ân thß╗ï biß╗âu ─æß╗ô ─æß║╣p h╞ín vß╗¢i m├áu, sß╗æ tiß╗ün ─æß╗ïnh dß║íng ""1.200.000 VN─É""
",done,canh,20/4
71,,,- Thß╗æng k├¬ trß║íng th├íi ─æ╞ín h├áng ,Cß║⌐n cß║úi thiß╗çn,"- Giao diß╗çn hiß╗ân thß╗ï m├ú m├áu x├ím/xanh c╞í bß║ún cho tß║Ñt cß║ú c├íc trß║íng th├íi nh╞░ ""Chß╗¥ xß╗¡ l├╜"", ""─É├ú thanh to├ín"", ""─É├ú hß╗ºy"" ch╞░a tß║ío ─æ╞░ß╗úc ─æiß╗âm nhß║Ñn cho c├íc th├┤ng tin quan trß╗ìng ","- Thiß║┐t lß║¡p mß╗ùi trß║íng th├íi c├│ 1 m├áu ri├¬ng biß╗çt t╞░╞íng ß╗⌐ng vß╗¢i tß╗½ng cß║Ñp ─æß╗Ö: Chß╗¥ xß╗¡ l├╜: M├áu v├áng/cam, ─É├ú thanh to├ín: M├áu xanh d╞░╞íng, ─Éang giao: M├áu xanh l├í, ─É├ú hß╗ºy: M├áu ─æß╗Å ",done,canh,20/4
72,,Quß║ún l├¡ sß║ún phß║⌐m,- Upload ß║únh sß║ún phß║⌐m ,Cß║⌐n cß║úi thiß╗çn,"- Admin kh├┤ng c├│ thß║╗ chß╗ìn file. Admin ─æang phß║úi l├¬n mß║íng t├¼m ß║únh, lß║Ñy link URL copy v├á d├ín v├áo ├┤ TextBox. ","- Th├¬m n├║t ""Chß╗ìn ß║únh"" ─æß╗â upload file trß╗▒c tiß║┐p tß╗½ m├íy t├¡nh",done,canh,28/4
73,,,- Th├¬m ,Cß║⌐n cß║úi thiß╗çn,"- C├│ button th├¬m sß║ún phß║⌐m, c├│ gß╗ìi h├ám openAddModal() trong JS nh╞░ng modal ─æ─âng k├¡ form kh├┤ng xß╗ò ra, hoß║╖c bß╗ï ─æß╗⌐ng do conflict","- Gß╗í lß╗ùi logic, ─æß║úm bß║úo khi ß║Ñn n├║t th├¬m sß║ún phß║⌐m c├│ hiß╗çn thß╗ï form ho├án chß╗ënh v├á ─æ╞░ß╗úc cß║¡p nhß║¡t v├áo DB",done,canh,12/5
74,,,- Chß╗ënh sß╗¡a,Cß║⌐n cß║úi thiß╗çn,- C├│ button chß╗ënh sß╗¡a hiß╗ân thß╗ï form chß╗ënh sß╗¡a nh╞░ng khi ß║Ñn l╞░u th├¼ dß╗» liß╗çu ch╞░a ─æ╞░ß╗úc cß║¡p nhß║¡t tr├¬n DB,- C├│ button chß╗ënh sß╗¡a hiß╗ân thß╗ï form chß╗ënh sß╗¡a nh╞░ng khi ß║Ñn l╞░u th├¼ dß╗» liß╗çu ch╞░a ─æ╞░ß╗úc cß║¡p nhß║¡t tr├¬n DB,,,
75,,,- X├│a ,Cß║⌐n cß║úi thiß╗çn,"- Khi x├│a sß║ún phß║⌐m, hß╗ç thß╗æng x├│a khß╗Åi DB m├á kh├┤ng kiß╗âm tra - nß║┐u sß║ún phß║⌐m ─æ├│ c├▓n ─æang nß║▒m trong giß╗Å h├áng cß╗ºa kh├ích hoß║╖c c├│ trong ─æ╞ín h├áng c┼⌐, hß╗ç thß╗æng sß║╜ b├ío lß╗ùi","- Kh├┤ng cho x├│a trß╗▒c tiß║┐p - thay bß║▒ng t├¡nh n─âng ß║⌐n sß║ún phß║⌐m, hoß║╖c th├┤ng b├ío r├╡ tr╞░ß╗¢c khi x├│a ",,,
76,,,- ß║¿n ,─Éß║ít y├¬u cß║ºu,- Chß╗⌐c n─âng ß║⌐n sß║ún phß║⌐m thay v├¼ x├│a ho├án to├án khß╗Åi Database. Dß╗» liß╗çu c├íc ─æ╞ín h├áng ─æ├ú ─æß║╖t sß║ún phß║⌐m n├áy kh├┤ng bß╗ï ß║únh h╞░ß╗ƒng.,- Duy tr├¼ luß╗ông logic n├áy thay cho thao t├íc x├│a ─æß╗â ─æß║úm bß║úo dß╗» liß╗çu lß╗ïch sß╗¡ kh├┤ng bß╗ï lß╗ùi.,,,
77,,Quß║ún l├¡ danh mß╗Ñc,- Th├¬m ,─Éß║ít y├¬u cß║ºu,- Ho├án th├ánh,"- T╞░╞íng t├íc vß╗¢i form Th├¬m th├┤ng tin danh mß╗Ñc, l╞░u dß╗» liß╗çu ch├¡nh x├íc v├áo Database",,,
78,,,- Chß╗ënh sß╗¡a ,─Éß║ít y├¬u cß║ºu,- Ho├án th├ánh,"- T╞░╞íng t├íc vß╗¢i form Sß╗¡a th├┤ng tin danh mß╗Ñc, l╞░u dß╗» liß╗çu ch├¡nh x├íc v├áo Database",,,
79,,,- X├│a ,Cß║⌐n cß║úi thiß╗çn,"- Khi x├│a danh mß╗Ñc, nß║┐u c├│ sß║ún phß║⌐m thuß╗Öc danh mß╗Ñc ─æ├│ th├¼ DB b├ío lß╗ùi nh╞░ng th├┤ng b├ío cho admin l├á ""Kh├┤ng thß╗â x├│a, c├│ thß╗â ─æang ─æ╞░ß╗úc sß╗¡ dung"" - kh├┤ng biß║┐t bao nhi├¬u sß║ún phß║⌐m bß╗ï ß║únh h╞░ß╗ƒng","- Hiß╗ân thß╗ï r├╡ ""Danh mß╗Ñc n├áy ─æang c├│ X sß║ún phß║⌐m, vui l├▓ng chuyß╗ân sß║ún phß║⌐m sang danh mß╗Ñc 
kh├íc tr╞░ß╗¢c""",,,
80,,,"- Cß║¡p nhß║¡t menu ngo├ái shop sau khi sß╗¡a 
danh mß╗Ñc",Cß║⌐n cß║úi thiß╗çn,"- Sau khi admin th├¬m/sß╗¡a/x├│a danh mß╗Ñc th├ánh c├┤ng, menu ─æiß╗üu h╞░ß╗¢ng ngo├ái trang shop vß║½n hiß╗ân thß╗ï dß╗» liß╗çu c┼⌐ tß╗¢i 5 ph├║t sau (do cache)",- Tß╗▒ ─æß╗Öng cß║¡p nhß║¡t menu ngay khi admin l╞░u thay ─æß╗òi ,,,
81,,Quß║ún l├¡ th╞░╞íng hiß╗çu (brand),- Th├¬m ,Cß║⌐n cß║úi thiß╗çn,"- Admin chß╗ë nhß║¡p URL logo, kh├┤ng c├│ chß╗⌐c n─âng upload file","- Th├¬m n├║t ""Chß╗ìn ß║únh"" ─æß╗â upload file trß╗▒c tiß║┐p tß╗½ m├íy t├¡nh",,,
82,,,- ß║¿n ,─Éß║ít y├¬u cß║ºu,- Ho├án th├ánh,"- Khi ß║⌐n th╞░╞íng hiß╗çu (status/ß║⌐n), c├íc trang kh├┤ng c├▓n th╞░╞íng hiß╗çu n├áy . C├íc sß║ún phß║⌐m cß╗ºa th╞░╞íng hiß╗çu bß╗ï ß║⌐n vß║½n ─æ╞░ß╗úc quß║ún l├╜.",done,canh,
83,,,- Chß╗ënh sß╗¡a ,Cß║⌐n cß║úi thiß╗çn,"- Admin chß╗ë sß╗¡a link ß║únh qua URL, kh├┤ng c├│ chß╗⌐c n─âng upload file","- Th├¬m n├║t ""Chß╗ìn ß║únh"" ─æß╗â upload file trß╗▒c tiß║┐p tß╗½ m├íy t├¡nh",,,
84,,,- X├│a ,Cß║⌐n cß║úi thiß╗çn,"- Th├┤ng b├ío lß╗ùi khi x├│a brand ─æang ─æ╞░ß╗úc d├╣ng, nh╞░ng admin kh├┤ng biß║┐t th╞░╞íng hiß╗çu bao nhi├¬u sß║ún phß║⌐m",- Hiß╗ân thß╗ï sß╗æ sß║ún phß║⌐m ─æang d├╣ng th╞░╞íng hiß╗çu ─æ├│ ,,,
85,,Quß║ún l├¡ tin tß╗⌐c,- Th├¬m/sß╗¡a,Cß║⌐n cß║úi thiß╗çn,"- Admin chß╗ë g├╡ v─ân bß║ún thuß║ºn v├á nhß║¡p URL, kh├┤ng c├│ chß╗⌐c n─âng upload file, kh├┤ng c├│ hß╗ù trß╗ú viß╗çc highlight in ─æß║¡m, t├┤ m├áu, hay l├ám c├íc c├┤ng cß╗Ñ content kh├íc","- Th├¬m n├║t upload ß║únh trß╗▒c tiß║┐p, t├¡ch hß╗úp th├¬m c├┤ng cß╗Ñ chß╗ënh sß╗¡a ─æß╗â tß╗æi ╞░u trß║úi nghiß╗çm cß╗ºa admin",,,
86,,,- X├│a ,─Éß║ít y├¬u cß║ºu,- X├│a b├ái viß║┐t th├ánh c├┤ng khß╗Åi c╞í sß╗ƒ dß╗» liß╗çu ,- N├¬n kß║┐t hß╗úp th├¬m tß╗▒ ─æß╗Öng x├│a c├íc file t╞░╞íng ß╗⌐ng tr├¬n trang chß╗º,,,
87,,Quß║ún l├¡ banner,- Th├¬m/sß╗¡a/tß║»t/ß║⌐n,─Éß║ít y├¬u cß║ºu,- Ho├án th├ánh,"- Khi th├¬m/sß╗¡a/ file ß║únh banner, file ß║únh ─æ╞░ß╗úc th├¬m/sß╗¡a v├á database cß║¡p nhß║¡t, khi tß║»t/ß║⌐n th├¼ trang chß╗º cß║¡p nhß║¡t kh├┤ng thß║Ñy banner.",done,canh,
88,,,- X├│a,Cß║⌐n cß║úi thiß╗çn,- Khi admin x├│a - DB bß╗ï x├│a - file ß║únh upload l├¬n server vß║½n c├▓n,- Tß╗▒ ─æß╗Öng x├│a file ß║únh vß║¡t l├╜ tr├¬n server khi x├│a banner,,,
89,,Quß║ún l├¡ ─æ╞ín h├áng,- Cß║¡p nhß║¡t trß║íng th├íi ─æ╞ín h├áng,Th├¬m mß╗¢i,- Hiß╗çn tß║íi trang web ch╞░a c├│ chß╗⌐c n─âng n├áy trong ß╗⌐ng dß╗Ñng.,"- Bß╗ò sung form/ n├║t cho ph├⌐p Admin cß║¡p nhß║¡t nhanh trß║íng th├íi ─æ╞ín h├áng theo ─æ├║ng luß╗ông hß╗ç thß╗æng 
(Pending -> Shipping -> Delivered/ Canceled). Th├¬m ""l├╜ do thay ─æß╗òi"" v├á l╞░u trß╗» lß║íi t├ái khoß║ún admin n├áo ─æ├ú thß╗▒c hiß╗çn thao t├íc ─æ├│.",done,canh,
90,,,- Lß╗ïch sß╗¡ thay ─æß╗òi trß║íng th├íi,Cß║⌐n cß║úi thiß╗çn,"- Ch╞░a c├│ DB l╞░u lß╗ïch sß╗¡ ai ─æß╗òi trß║íng th├íi, mß║Ñy giß╗¥ -> sß║╜ b├ío lß╗ùi khi d├╣ng ","- Tß║ío bß║úng DB c├▓n thiß║┐u ─æß╗â l╞░u lß╗ïch sß╗¡, hiß╗ân thß╗ï timeline thay ─æß╗òi d╞░ß╗¢i chi tiß║┐t ─æ╞ín",done,canh,
91,,,- Hß╗ºy ─æ╞ín h├áng tß╗½ ph├¡a admin,Cß║⌐n cß║úi thiß╗çn,"- Admin chß╗ë hß╗ºy ─æ╞░ß╗úc khi ─æang ß╗ƒ trß║íng th├íi ""Chß╗¥ xß╗¡ l├╜"", Nß║┐u kh├ích ─æ├ú thanh to├ín m├á cß║ºn hß╗ºy th├¼ kh├┤ng hß╗ºy ─æ╞░ß╗úc ","- Th├¬m chß╗⌐c n─âng nhß║¡p l├╜ do hß╗ºy v├á ho├án lß║íi h├áng v├áo kho, nß║┐u ─æ├ú thanh to├ín th├¼ ho├án tiß╗ün cho kh├ích",done,canh,
92,,,- Giao diß╗çn trang danh s├ích ─æ╞ín h├áng,Cß║⌐n cß║úi thiß╗çn,"- Kh├┤ng ├┤ lß╗ìc theo trß║íng th├íi
- Kh├┤ng c├│ ├┤ t├¼m kiß║┐m
- Kh├┤ng ph├ón trang","- Th├¬m thanh lß╗ìc theo trß║íng th├íi
- ├ö t├¼m kiß║┐m theo t├¬n/ sß╗æ ─æiß╗çn thoß║íi
- Ph├ón trang",done,canh,
93,,Quß║ún l├¡ ng╞░ß╗¥i d├╣ng,- Kh├│a/Mß╗ƒ t├ái khoß║ún,Cß║⌐n cß║úi thiß╗çn,- Lß╗ù hß╗òng bß║úo mß║¡t SQL Injection - c├│ thß╗â bß╗ï truy cß║¡p ,- Sß╗¡a lß║íi c├ích truy vß║Ñn DB an to├án h╞ín.,,,
94,,,- Chß╗ënh sß╗¡a quyß╗ün admin hoß║╖c user,─Éß║ít y├¬u cß║ºu,- Chß╗⌐c n─âng ph├ón Roles hoß║ít ─æß╗Öng. Hß╗ç thß╗æng tß╗▒ ─æß╗Öng x├íc thß╗▒c hoß║╖c chß║╖n session ngay khi quyß╗ün cß╗ºa user/admin thay ─æß╗òi,"- Khi admin thay ─æß╗òi quyß╗ün cho mß╗Öt kh├ích h├áng tß╗½ User th├ánh Admin, t├ái khoß║ún ─æ├│ ─æ╞░ß╗úc truy cß║¡p ─æ╞░ß╗úc link quß║ún trß╗ï Admin",,,
95,,,- X├│a t├ái khoß║ún,Cß║⌐n cß║úi thiß╗çn,"- Lß╗ù hß╗òng SQL Injection. Sai chß╗» ""Uset not found""","- Sß╗¡a lß╗ù hß╗òng bß║úo mß║¡t, sß╗¡a lß╗ùi ch├¡nh tß║ú",,,
,,,- L├ám mß╗¢i,Cß║ºn cß║úi thiß╗çn ,"- Khi admin ß║Ñn v├áo n├║t l├ám mß╗¢i th├¼ chß╗⌐c n─âng kh├┤ng thß╗▒c hiß╗çn l├ám mß╗¢i, t├ái khoß║ún mß╗¢i ─æ─âng k├¡ kh├┤ng ─æ╞░ß╗úc cß║¡p nhß║¡t","- Khi ß║Ñn v├áo n├║t l├ám mß╗¢i, c├íc user mß╗¢i ─æ─âng k├¡ ─æ╞░ß╗úc cß║¡p nhß║¡t kh├┤ng cß║ºn phß║úi load lß║íi trang hoß║╖c ─æ─âng nhß║¡p lß║íi.",,,
97,,,- T├¼m kiß║┐m v├á lß╗ìc ng╞░ß╗¥i d├╣ng,Cß║⌐n cß║úi thiß╗çn,"- Hiß╗ân thß╗ï tß║Ñt cß║ú t├ái khoß║ún, kh├┤ng ├┤ t├¼m kiß║┐m, kh├┤ng lß╗ìc theo role, kh├┤ng ph├ón trang","- Th├¬m ├┤ t├¼m kiß║┐m theo t├¬n/email, bß╗Ö lß╗ìc (admin/staff/user, ─æang hoß║ít ─æß╗Öng/bß╗ï kh├│a), ph├ón trang",done,canh,
98,,Quß║ún l├¡ Voucher ,- Th├¬m,Th├¬m mß╗¢i,- Hiß╗çn tß║íi trang web ch╞░a c├│ chß╗⌐c n─âng n├áy trong ß╗⌐ng dß╗Ñng.,"- Hß╗ç thß╗æng kh├┤ng cho ph├⌐p th├¬m mß╗¢i tr├╣ng nhau, gi├í trß╗ï giß║úm gi├í v├á phß║ºn tr─âm kh├┤ng nhß║¡p sß╗æ ├óm",done,canh,
,,,- Sß╗¡a,Th├¬m mß╗¢i,- Hiß╗çn tß║íi trang web ch╞░a c├│ chß╗⌐c n─âng n├áy trong ß╗⌐ng dß╗Ñng.,"- Hß╗ç thß╗æng linh hoß║ít nß╗¢i rß╗Öng thß╗¥i gian sß╗¡ dß╗Ñng, sß╗¡a th├┤ng tin, kh├┤ng ─æ╞░ß╗úc sß╗¡a sß╗æ tiß╗ün v├¼ c├│ thß╗â ß║únh h╞░ß╗ƒng tß╗¢i c├íc ─æ╞ín h├áng c┼⌐",done,canh,
,,,- Hß╗ºy ,Th├¬m mß╗¢i,- Hiß╗çn tß║íi trang web ch╞░a c├│ chß╗⌐c n─âng n├áy trong ß╗⌐ng dß╗Ñng.,"- Hß╗ç thß╗æng hiß╗ân thß╗ï th├┤ng b├ío x├íc nhß║»n hß╗ºy voucher ─æß╗â ng─ân chß║╖n viß╗çc click nhß║ºm cß╗ºa admin. Nß║┐u Voucher ch╞░a ─æ╞░ß╗úc sß╗¡ dß╗Ñng th├¼ cho ph├⌐p x├│a ho├án to├án khß╗Åi DB, nß║┐u ─æ├ú sß╗¡ dß╗Ñng th├¼ hay v├¼ x├│a sß║╜ chuyß╗ân sang voucher tß║ím ß║⌐n ─æß╗â l╞░u trß╗» lß╗ïch sß╗¡",done,canh,
,,Quß║ún l├¡ ch├¡nh s├ích ,- Th├¬m,Cß║ºn cß║úi thiß╗çn,,,done,canh,
102,,,- Sß╗¡a,Cß║⌐n cß║úi thiß╗çn,,,done,canh,
